Плинтус МДФ Лука Пл 80МДФ.2400.Point line 24009 Дуб турин темный,1 190 руб.,https://dplintus.ru/catalog/napolnyy-plintus/plintus-mdf-luka-pl-80mdf-2400-24009-dub-turin-temnyy/
Плинтус дюрополимер Волшебная Палочка 80*15*2000. MSPOL 101 Белый под покраску,1 190 руб.,https://dplintus.ru/catalog/napolnyy-plintus/plintus-dyuropolimer-volshebnaya-palochka-80-15-2000-101-belyy-pod-pokrasku/
Плинтус дюрополимер Волшебная Палочка 80*12*2000. MSPOL 102 Белый под покраску,1 190 руб.,https://dplintus.ru/catalog/napolnyy-plintus/plintus-dyuropolimer-volshebnaya-palochka-80-12-2000-102-belyy-pod-pokrasku/
Плинтус дюрополимер Волшебная Палочка 100*15*2000. MSPOL 104 Белый под покраску,1 390 руб.,https://dplintus.ru/catalog/napolnyy-plintus/plintus-dyuropolimer-volshebnaya-palochka-100-15-2000-104-belyy-pod-pokrasku/
Плинтус дюрополимер Волшебная Палочка 58*13*2000. MSPOL 105 Белый под покраску,1 190 руб.,https://dplintus.ru/catalog/napolnyy-plintus/plintus-dyuropolimer-volshebnaya-palochka-58-13-2000-105-belyy-pod-pokrasku/
Плинтус дюрополимер Волшебная Палочка 100*13*2000. MSPOL 103 Белый под покраску,1 390 руб.,https://dplintus.ru/catalog/napolnyy-plintus/plintus-dyuropolimer-volshebnaya-palochka-100-13-2000-mspol-103-belyy-pod-pokrasku/
Плинтус дюрополимер Волшебная Палочка 80*12*2000. MSPOL 102. Окраска включена в стоимость,2 390 руб.,https://dplintus.ru/catalog/napolnyy-plintus/plintus-dyuropolimer-volshebnaya-palochka-80-12-2000-mspol-102-pokraska-pod-zakaz/
Плинтус дюрополимер Волшебная Палочка 58*13*2000. MSPOL 105. Окраска включена в стоимость,2 390 руб.,https://dplintus.ru/catalog/napolnyy-plintus/plintus-dyuropolimer-volshebnaya-palochka-58-14-2000-mspol-104-pokraska-pod-zakaz/
Плинтус дюрополимер Волшебная Палочка 100*15*2000. MSPOL 104. Окраска включена в стоимость,2 590 руб.,https://dplintus.ru/catalog/napolnyy-plintus/plintus-dyuropolimer-volshebnaya-palochka-100-15-2000-mspol-104-pokraska-pod-zakaz/
Плинтус дюрополимер Волшебная Палочка 80*12*2000. MSPOL 101. Окраска включена в стоимость,2 390 руб.,https://dplintus.ru/catalog/napolnyy-plintus/plintus-dyuropolimer-volshebnaya-palochka-80-12-2000-mspol-101-pokraska-pod-zakaz/
Плинтус дюрополимер Волшебная Палочка 100*13*2000. MSPOL 103. Окраска включена в стоимость,2 590 руб.,https://dplintus.ru/catalog/napolnyy-plintus/plintus-dyuropolimer-volshebnaya-palochka-100-13-2000-mspol-103-pokraska-pod-zakaz/
Микроплинтус AL16X5-001 16х6х2000мм Без покрытия,590 руб.,https://dplintus.ru/catalog/napolnyy-plintus/mikroplintus-al16x5-001-16kh6kh2000mm-bez-pokrytiya/
Плинтус Волшебная палочка MSPOL 203 100*13*2000 мм Белый под покраску,849 руб.,https://dplintus.ru/catalog/napolnyy-plintus/plintus-volshebnaya-palochka-mspol-203-100-13-2000-mm-belyy-pod-pokrasku/
Плинтус Волшебная палочка MSPOL 204 100*15*2000 мм Белый под покраску,1 039 руб.,https://dplintus.ru/catalog/napolnyy-plintus/plintus-volshebnaya-palochka-mspol-204-100-15-2000-mm-belyy-pod-pokrasku/
Плинтус Волшебная палочка MSPOL 205 120*15*2000 мм Белый под покраску,1 019 руб.,https://dplintus.ru/catalog/napolnyy-plintus/plintus-volshebnaya-palochka-mspol-205-120-15-2000-mm-belyy-pod-pokrasku/
"Теневой плинтус для подсветки Волшебная палочка 49,5 х 19,5 х 12,4 мм 3,0 м Чёрный матовый",5 099 руб.,https://dplintus.ru/catalog/napolnyy-plintus/tenevoy-plintus-dlya-podsvetki-volshebnaya-palochka-49-5-kh-19-5-kh-12-4-mm-3-0-m-chyernyy-matovyy/
Плинтус Волшебная палочка MSPOL 201 80*15*2000 мм Белый под покраску,649 руб.,https://dplintus.ru/catalog/napolnyy-plintus/plintus-volshebnaya-palochka-mspol-201-80-15-2000-mm-belyy-pod-pokrasku/
"Плинтус алюминиевый потолочный под гипсокартон Волшебная палочка 10 мм 3,0 м Чёрный матовый",2 229 руб.,https://dplintus.ru/catalog/napolnyy-plintus/plintus-alyuminievyy-potolochnyy-pod-gipsokarton-volshebnaya-palochka-10-mm-3-0-m-chyernyy-matovyy/
"Плинтус алюминиевый потолочный под гипсокартон Волшебная палочка 12 мм 3,0 м Чёрный матовый",2 289 руб.,https://dplintus.ru/catalog/napolnyy-plintus/plintus-alyuminievyy-potolochnyy-pod-gipsokarton-volshebnaya-palochka-12-mm-3-0-m-chyernyy-matovyy/
"Плинтус ПВХ Волшебная палочка 70мм Home 2,2м 7001",299 руб.,https://dplintus.ru/catalog/napolnyy-plintus/plintus-pvkh-volshebnaya-palochka-70mm-home-2-2m-7001/
"Плинтус алюминиевый Волшебная палочка 80 мм 3,0 м Чёрный матовый",2 149 руб.,https://dplintus.ru/catalog/napolnyy-plintus/plintus-alyuminievyy-volshebnaya-palochka-80-mm-3-0-m-chyernyy-matovyy/
"Плинтус алюминиевый потолочный для подсветки Волшебная палочка 46,1 х 42,9 мм 3,0 м Чёрный матовый",3 479 руб.,https://dplintus.ru/catalog/napolnyy-plintus/plintus-alyuminievyy-potolochnyy-dlya-podsvetki-volshebnaya-palochka-46-1-kh-42-9-mm-3-0-m-chyernyy-/
"Плинтус ХДФ Doellken FL 25мм х 5мм х 2,5м 1013 (5012) Белый",1 390 руб.,https://dplintus.ru/catalog/napolnyy-plintus/plintus-khdf-doellken-fl-25mm-kh-5mm-kh-2-5m-1013-5012-belyy/
"Плинтус алюминиевый Волшебная палочка 80 мм 3,0 м Серебро матовое",1 959 руб.,https://dplintus.ru/catalog/napolnyy-plintus/plintus-alyuminievyy-volshebnaya-palochka-80-mm-3-0-m-serebro-matovoe/
"Плинтус алюминиевый Волшебная палочка 100 мм 3,0 м Чёрный матовый",2 769 руб.,https://dplintus.ru/catalog/napolnyy-plintus/plintus-alyuminievyy-volshebnaya-palochka-100-mm-3-0-m-chyernyy-matovyy/
"Разделитель алюминиевый стеновой для подсветки Волшебная палочка 54,5 х 21,1 х 14,6 мм 3,0 м Чёрный матовый",3 039 руб.,https://dplintus.ru/catalog/napolnyy-plintus/razdelitel-alyuminievyy-stenovoy-dlya-podsvetki-volshebnaya-palochka-54-5-kh-21-1-kh-14-6-mm-3-0-m-ch/
"Плинтус алюминиевый Волшебная палочка 60 мм 3,0 м Чёрный матовый",1 789 руб.,https://dplintus.ru/catalog/napolnyy-plintus/plintus-alyuminievyy-volshebnaya-palochka-60-mm-3-0-m-chyernyy-matovyy/
Плинтус Волшебная палочка MSPOL 202 80*12*2000 мм Белый под покраску,459 руб.,https://dplintus.ru/catalog/napolnyy-plintus/plintus-volshebnaya-palochka-mspol-202-80-12-2000-mm-belyy-pod-pokrasku/
"Плинтус алюминиевый Волшебная палочка 60 мм 3,0 м Серебро матовое",1 629 руб.,https://dplintus.ru/catalog/napolnyy-plintus/plintus-alyuminievyy-volshebnaya-palochka-60-mm-3-0-m-serebro-matovoe/
"Плинтус алюминиевый Волшебная палочка 100 мм 3,0 м Серебро матовое",2 249 руб.,https://dplintus.ru/catalog/napolnyy-plintus/plintus-alyuminievyy-volshebnaya-palochka-100-mm-3-0-m-serebro-matovoe/
Теневой плинтус Лука Плт 44.2500.00,1 639 руб.,https://dplintus.ru/catalog/napolnyy-plintus/skrytyy-plintus-luka-plt-44-2500-00/
Плинтус ПВХ гибкий Flex 24 м. Черный,359 руб.,https://dplintus.ru/catalog/napolnyy-plintus/plintus-pvkh-gibkiy-flex-24-m-chernyy/
Плинтус алюминиевый Волшебная палочка MSPL 60.2500.01L Серебро люкс,1 190 руб.,https://dplintus.ru/catalog/napolnyy-plintus/plintus-alyuminievyy-volshebnaya-palochka-mspl-60-2500-01l-serebro-lyuks/
"Плинтус ПВХ Волшебная палочка 58мм 2,2м 5801",129 руб.,https://dplintus.ru/catalog/napolnyy-plintus/plintus-pvkh-volshebnaya-palochka-58mm-2-5m-5801/
Плинтус алюминиевый Волшебная палочка MSPL 80.2500.01L Серебро люкс,1 390 руб.,https://dplintus.ru/catalog/napolnyy-plintus/plintus-alyuminievyy-volshebnaya-palochka-mspl-80-2500-01l-serebro-lyuks/
Микроплинтус SL16X25-001 16х25х2000мм Без покрытия,590 руб.,https://dplintus.ru/catalog/napolnyy-plintus/mikroplintus-sl16x25-001-16kh25kh2000mm-bez-pokrytiya/
Теневой плинтус Лука Плт 44.2500.215,2 519 руб.,https://dplintus.ru/catalog/napolnyy-plintus/skrytyy-plintus-luka-plt-44-2500-215/
Плинтус МДФ Волшебная палочка. Гарден .203 Дуб белый,1 090 руб.,https://dplintus.ru/catalog/napolnyy-plintus/plintus-mdf-volshebnaya-palochka-garden-203-dub-belyy/
Плинтус МДФ Волшебная палочка. Гарден .201 Дуб молодой,1 090 руб.,https://dplintus.ru/catalog/napolnyy-plintus/plintus-mdf-volshebnaya-palochka-garden-201-dub-molodoy/
Плинтус МДФ Волшебная палочка. Гарден .204 Ясень серый,1 090 руб.,https://dplintus.ru/catalog/napolnyy-plintus/plintus-mdf-volshebnaya-palochka-garden-204-yasen-seryy/
Плинтус МДФ Волшебная палочка. Гарден .215 Дуб новый,1 090 руб.,https://dplintus.ru/catalog/napolnyy-plintus/plintus-mdf-volshebnaya-palochka-garden-215-dub-novyy/
Плинтус МДФ Волшебная палочка. Гарден 200 Белый,1 090 руб.,https://dplintus.ru/catalog/napolnyy-plintus/plintus-mdf-volshebnaya-palochka-garden-200-belyy/
Плинтус МДФ Волшебная палочка. Гарден 211 Черный,1 090 руб.,https://dplintus.ru/catalog/napolnyy-plintus/plintus-mdf-volshebnaya-palochka-garden-211-chernyy/
Плинтус МДФ Волшебная палочка. Гарден 207 Ясень бриллиантовый,1 090 руб.,https://dplintus.ru/catalog/napolnyy-plintus/plintus-mdf-volshebnaya-palochka-garden-207-yasen-brilliantovyy/
Плинтус МДФ Волшебная палочка. Гарден 219 Дуб темный,1 090 руб.,https://dplintus.ru/catalog/napolnyy-plintus/plintus-mdf-volshebnaya-palochka-garden-219-dub-temnyy/
Плинтус МДФ Волшебная палочка. Гарден .202 Дуб кремовый,1 090 руб.,https://dplintus.ru/catalog/napolnyy-plintus/plintus-mdf-volshebnaya-palochka-garden-202-dub-kremovyy/
Плинтус МДФ Волшебная палочка. Гарден .228 Дуб Слоновая кость,1 090 руб.,https://dplintus.ru/catalog/napolnyy-plintus/plintus-mdf-volshebnaya-palochka-garden-228-dub-slonovaya-kost/
Плинтус МДФ Волшебная палочка. Гарден .205 Эльм натуральный,1 090 руб.,https://dplintus.ru/catalog/napolnyy-plintus/plintus-mdf-volshebnaya-palochka-garden-205-elm-naturalnyy/
Плинтус МДФ Волшебная палочка. Гарден .210 Дуб опак,1 090 руб.,https://dplintus.ru/catalog/napolnyy-plintus/plintus-mdf-volshebnaya-palochka-garden-210-dub-opak/
Плинтус МДФ Волшебная палочка. Гарден .223 Дуб Сухой серый,1 090 руб.,https://dplintus.ru/catalog/napolnyy-plintus/plintus-mdf-volshebnaya-palochka-garden-223-dub-sukhoy-seryy/
Плинтус МДФ Волшебная палочка. Гарден .217 Дуб Северная дакота,1 090 руб.,https://dplintus.ru/catalog/napolnyy-plintus/plintus-mdf-volshebnaya-palochka-garden-217-dub-severnaya-dakota/
Микроплинтус AL16X5-03 16х6х2000мм Чёрный,990 руб.,https://dplintus.ru/catalog/napolnyy-plintus/mikroplintus-al16x5-03-16kh6kh2000mm-chyernyy/
Плинтус ДЮРОПОЛИМЕР NMC Wallstyl FL1 Белый,459 руб.,https://dplintus.ru/catalog/napolnyy-plintus/plintus-dyuropolimer-nmc-wallstyl-fl1-belyy/
Микроплинтус AL16X5-03 16х6х2000мм Чёрный Анод,1 190 руб.,https://dplintus.ru/catalog/napolnyy-plintus/mikroplintus-al16x5-03-16kh6kh2000mm-chyernyy-anod/
Плинтус СОЛИД 1 UHD 01/80 80*12*2000. Белый под покраску,419 руб.,https://dplintus.ru/catalog/napolnyy-plintus/plintus-solid-1-uhd-01-80-80-12-2000-belyy-pod-pokrasku/
Плинтус дюрополимер Волшебная палочка. Окрашенная. 80мм 2м. NCS 2502Y,1 690 руб.,https://dplintus.ru/catalog/napolnyy-plintus/plintus-dyuropolimer-volshebnaya-palochka-okrashennaya-80mm-2m-ncs-2502y/
Плинтус дюрополимер Волшебная палочка. Окрашенная. 80мм 2м. NCS 2002G,1 690 руб.,https://dplintus.ru/catalog/napolnyy-plintus/plintus-dyuropolimer-volshebnaya-palochka-okrashennaya-80mm-2m-ncs-2002g/
Плинтус NMC FL1 Wallstyl 80*12*2000. Окраска включена в стоимость,1 659 руб.,https://dplintus.ru/catalog/napolnyy-plintus/plintus-nmc-fl1-wallstyl-80-12-2000-pokraska-pod-zakaz/
Плинтус дюрополимер Волшебная палочка. Окрашенная. 80мм 2м. NCS 5010G10Y,1 690 руб.,https://dplintus.ru/catalog/napolnyy-plintus/plintus-dyuropolimer-volshebnaya-palochka-okrashennaya-80mm-2m-ncs-5010g10y/
"Плинтус ПВХ Волшебная палочка 70мм Home 2,2м 7020",299 руб.,https://dplintus.ru/catalog/napolnyy-plintus/plintus-pvkh-volshebnaya-palochka-70mm-home-2-2m-7020/
Плинтус ПВХ гибкий Flex 24 м. Серый,359 руб.,https://dplintus.ru/catalog/napolnyy-plintus/plintus-pvkh-gibkiy-flex-24-m-seryy/
Плинтус дюрополимер Волшебная палочка. Окрашенная. 80мм 2м. RAL 7038,1 690 руб.,https://dplintus.ru/catalog/napolnyy-plintus/plintus-dyuropolimer-volshebnaya-palochka-okrashennaya-80mm-2m-ral-7038/
Плинтус МДФ Волшебная палочка 80М 80мм RAL 9003,1 990 руб.,https://dplintus.ru/catalog/napolnyy-plintus/plintus-mdf-volshebnaya-palochka-80m-80mm-ral-9003/
Плинтус МДФ Волшебная палочка 80М 80мм RAL 9005,1 990 руб.,https://dplintus.ru/catalog/napolnyy-plintus/plintus-mdf-volshebnaya-palochka-80m-80mm-ral-9005/
